0,0,0,0,0,0
1.976e-24,0.00023151,-0.00025863,2.7118e-05,1.2899e-23,3.6193e-21
-5.3229e-09,0.00069454,-0.00077589,8.1351e-05,-5.3229e-09,1.7851e-09
-3.726e-08,0.0013891,-0.0015518,0.00016269,-3.726e-08,1.2496e-08
-1.3307e-07,0.0023151,-0.0025863,0.00027113,-1.3307e-07,4.4628e-08
-3.4599e-07,0.0034727,-0.0038795,0.00040664,-3.4599e-07,1.1603e-07
-7.452e-07,0.0048618,-0.0054312,0.0005692,-7.452e-07,2.4992e-07
-1.4159e-06,0.0064824,-0.0072416,0.00075876,-1.4159e-06,4.7484e-07
-2.4592e-06,0.0083344,-0.0093105,0.00097528,-2.4592e-06,8.2472e-07
-3.9921e-06,0.010418,-0.011638,0.0012187,-3.9921e-06,1.3388e-06
-6.1478e-06,0.012733,-0.014224,0.0014889,-6.1478e-06,2.0617e-06
-9.0753e-06,0.015279,-0.017068,0.0017857,-9.0753e-06,3.0434e-06
-1.2939e-05,0.018057,-0.020171,0.0021091,-1.2939e-05,4.3392e-06
-1.7921e-05,0.021066,-0.023531,0.0024589,-1.7921e-05,6.0096e-06
-2.4217e-05,0.024307,-0.02715,0.0028348,-2.4217e-05,8.1206e-06
-3.2041e-05,0.027779,-0.031026,0.0032366,-3.2041e-05,1.0743e-05
-4.1619e-05,0.031481,-0.035159,0.003664,-4.1619e-05,1.3954e-05
-5.3198e-05,0.035415,-0.039549,0.0041165,-5.3198e-05,1.7835e-05
-6.7038e-05,0.03958,-0.044196,0.0045939,-6.7038e-05,2.2473e-05
-8.3413e-05,0.043975,-0.049098,0.0050955,-8.3413e-05,2.7959e-05
-0.00010262,0.0486,-0.054255,0.0056207,-0.00010262,3.4391e-05
-0.00012495,0.053456,-0.059667,0.006169,-0.00012495,4.1871e-05
-0.00015075,0.058541,-0.065331,0.0067394,-0.00015075,5.0507e-05
-0.00018034,0.063856,-0.071248,0.0073311,-0.00018034,6.0409e-05
-0.00021409,0.0694,-0.077415,0.0079432,-0.00021409,7.1695e-05
-0.00025235,0.075173,-0.083832,0.0085744,-0.00025235,8.4485e-05
-0.00029551,0.081174,-0.090496,0.0092236,-0.00029551,9.8907e-05
-0.00034398,0.087402,-0.097406,0.0098892,-0.00034398,0.00011509
-0.00039816,0.093857,-0.10456,0.01057,-0.00039816,0.00013317
-0.00045848,0.10054,-0.11196,0.011263,-0.00045848,0.00015328
-0.00052539,0.10745,-0.11959,0.011968,-0.00052539,0.00017556
-0.00059934,0.11458,-0.12746,0.012682,-0.00059934,0.00020017
-0.00068081,0.12193,-0.13556,0.013403,-0.00068081,0.00022725
-0.00077027,0.12951,-0.14389,0.014129,-0.00077027,0.00025695
-0.00086823,0.13731,-0.15245,0.014855,-0.00086823,0.00028943
-0.0009752,0.14533,-0.16123,0.015581,-0.0009752,0.00032484
-0.0010917,0.15356,-0.17023,0.016302,-0.0010917,0.00036335
-0.0012183,0.16202,-0.17944,0.017015,-0.0012183,0.00040512
-0.0013554,0.17069,-0.18886,0.017716,-0.0013554,0.0004503
-0.0015038,0.17957,-0.19847,0.018402,-0.0015038,0.00049907
-0.0016639,0.18867,-0.20829,0.019068,-0.0016639,0.00055158
-0.0018363,0.19798,-0.2183,0.019711,-0.0018363,0.00060801
-0.0020217,0.20749,-0.22849,0.020324,-0.0020217,0.00066852
-0.0022205,0.21721,-0.23885,0.020903,-0.0022205,0.00073328
-0.0024335,0.22714,-0.24939,0.021444,-0.0024335,0.00080244
-0.0026613,0.23727,-0.26008,0.02194,-0.0026613,0.00087617
-0.0029045,0.2476,-0.27094,0.022386,-0.0029045,0.00095464
-0.0031637,0.25812,-0.28193,0.022775,-0.0031637,0.001038
-0.0034397,0.26884,-0.29307,0.023103,-0.0034397,0.0011264
-0.0037329,0.27975,-0.30433,0.023361,-0.0037329,0.00122
-0.0040442,0.29084,-0.31571,0.023543,-0.0040442,0.001319
-0.0043743,0.30213,-0.32719,0.023643,-0.0043743,0.0014235
-0.0047237,0.31359,-0.33878,0.023653,-0.0047237,0.0015337
-0.0050932,0.32524,-0.35045,0.023566,-0.0050932,0.0016496
-0.0054835,0.33706,-0.3622,0.023374,-0.0054835,0.0017715
-0.0058953,0.34905,-0.37402,0.023069,-0.0058953,0.0018994
-0.0063293,0.36121,-0.38589,0.022643,-0.0063293,0.0020335
-0.0067863,0.37354,-0.3978,0.022089,-0.0067863,0.002174
-0.007267,0.38603,-0.40975,0.021397,-0.007267,0.0023209
-0.0077722,0.39868,-0.42171,0.02056,-0.0077722,0.0024743
-0.0083026,0.41148,-0.43368,0.019569,-0.0083026,0.0026345
-0.008859,0.42443,-0.44565,0.018415,-0.008859,0.0028014
-0.0094422,0.43754,-0.4576,0.017089,-0.0094422,0.0029752
-0.010053,0.45078,-0.46952,0.015583,-0.010053,0.0031559
-0.010692,0.46417,-0.4814,0.013888,-0.010692,0.0033438
-0.011361,0.47769,-0.49322,0.011994,-0.011361,0.0035388
-0.012059,0.49134,-0.50498,0.0098936,-0.012059,0.003741
-0.012788,0.50513,-0.51665,0.0075767,-0.012788,0.0039506
-0.013549,0.51903,-0.52823,0.0050345,-0.013549,0.0041677
-0.014343,0.53306,-0.53971,0.002258,-0.014343,0.0043922
-0.01517,0.5472,-0.55106,-0.00076174,-0.01517,0.0046243
-0.016032,0.56145,-0.56228,-0.0040338,-0.016032,0.004864
-0.01693,0.57581,-0.57336,-0.007567,-0.01693,0.0051115
-0.017863,0.59028,-0.58428,-0.01137,-0.017863,0.0053668
-0.018834,0.60484,-0.59502,-0.015453,-0.018834,0.00563
-0.019844,0.61951,-0.60558,-0.019823,-0.019844,0.0059011
-0.020893,0.63426,-0.61595,-0.024489,-0.020892,0.0061802
-0.021982,0.64909,-0.6261,-0.029461,-0.021982,0.0064675
-0.023113,0.66402,-0.63603,-0.034746,-0.023113,0.0067629
-0.024286,0.67901,-0.64573,-0.040352,-0.024286,0.0070665
-0.025504,0.69409,-0.65518,-0.04629,-0.025504,0.0073785
-0.026766,0.70923,-0.66436,-0.052565,-0.026766,0.0076989
-0.028075,0.72443,-0.67328,-0.059187,-0.028075,0.0080277
-0.029431,0.7397,-0.6819,-0.066164,-0.029431,0.0083652
-0.030836,0.75502,-0.69023,-0.073503,-0.030836,0.0087113
-0.032291,0.77039,-0.69825,-0.081211,-0.032291,0.0090663
-0.033797,0.78581,-0.70595,-0.089297,-0.033797,0.0094301
-0.035357,0.80126,-0.71331,-0.097768,-0.035356,0.0098028
-0.03697,0.81676,-0.72032,-0.10663,-0.03697,0.010185
-0.038639,0.83228,-0.72697,-0.11589,-0.038639,0.010576
-0.040366,0.84782,-0.73325,-0.12556,-0.040365,0.010976
-0.042151,0.86339,-0.73915,-0.13564,-0.04215,0.011386
-0.043996,0.87897,-0.74465,-0.14614,-0.043996,0.011806
-0.045904,0.89456,-0.74974,-0.15706,-0.045903,0.012235
-0.047876,0.91015,-0.75442,-0.16842,-0.047875,0.012674
-0.049913,0.92573,-0.75866,-0.18021,-0.049912,0.013123
-0.052018,0.94131,-0.76246,-0.19244,-0.052017,0.013583
-0.054192,0.95686,-0.76581,-0.20513,-0.054191,0.014052
-0.056438,0.9724,-0.76869,-0.21826,-0.056437,0.014533
-0.058757,0.98791,-0.7711,-0.23186,-0.058756,0.015024
-0.061152,1.0034,-0.77301,-0.24592,-0.06115,0.015526
-0.063625,1.0188,-0.77443,-0.26045,-0.063623,0.016039
-0.066178,1.0342,-0.77534,-0.27545,-0.066175,0.016564
-0.068813,1.0495,-0.77572,-0.29092,-0.068811,0.0171
-0.071534,1.0648,-0.77558,-0.30688,-0.071531,0.017647
-0.074342,1.08,-0.77489,-0.32332,-0.074339,0.018207
-0.077241,1.0951,-0.77365,-0.34025,-0.077238,0.018779
-0.080234,1.1101,-0.77184,-0.35767,-0.08023,0.019364
-0.083323,1.125,-0.76946,-0.37559,-0.083319,0.019961
-0.086511,1.1399,-0.76649,-0.394,-0.086507,0.020571
-0.089803,1.1546,-0.76293,-0.41291,-0.089798,0.021193
-0.093202,1.1692,-0.75877,-0.43233,-0.093196,0.02183
-0.09671,1.1837,-0.75399,-0.45224,-0.096704,0.022479
-0.10033,1.198,-0.74859,-0.47266,-0.10033,0.023143
-0.10407,1.2122,-0.74256,-0.49359,-0.10407,0.02382
-0.10794,1.2263,-0.73589,-0.51503,-0.10793,0.024511
-0.11193,1.2402,-0.72857,-0.53697,-0.11192,0.025217
-0.11606,1.2539,-0.72059,-0.55943,-0.11605,0.025937
-0.12032,1.2675,-0.71195,-0.58239,-0.12031,0.026671
-0.12473,1.2809,-0.70263,-0.60587,-0.12472,0.02742
-0.12929,1.2941,-0.69264,-0.62985,-0.12927,0.028184
-0.134,1.3071,-0.68197,-0.65435,-0.13399,0.028962
-0.13888,1.3199,-0.6706,-0.67935,-0.13886,0.029755
-0.14393,1.3325,-0.65854,-0.70485,-0.14391,0.030563
-0.14916,1.3449,-0.64579,-0.73087,-0.14914,0.031385
-0.15457,1.3571,-0.63233,-0.75738,-0.15455,0.032222
-0.16019,1.3691,-0.61818,-0.78439,-0.16016,0.033074
-0.16601,1.3808,-0.60332,-0.8119,-0.16598,0.033939
-0.17205,1.3924,-0.58776,-0.8399,-0.17202,0.034818
-0.17831,1.4036,-0.5715,-0.86839,-0.17828,0.03571
-0.18482,1.4147,-0.55454,-0.89736,-0.18479,0.036615
-0.19159,1.4255,-0.5369,-0.9268,-0.19155,0.037532
-0.19862,1.4361,-0.51857,-0.95671,-0.19858,0.03846
-0.20593,1.4465,-0.49957,-0.98707,-0.20589,0.039399
-0.21354,1.4566,-0.47991,-1.0179,-0.21349,0.040348
-0.22146,1.4665,-0.45961,-1.0491,-0.2214,0.041304
-0.2297,1.4762,-0.43868,-1.0808,-0.22965,0.042268
-0.23829,1.4856,-0.41714,-1.1129,-0.23823,0.043237
-0.24723,1.4949,-0.39502,-1.1454,-0.24717,0.04421
-0.25655,1.5039,-0.37234,-1.1782,-0.25647,0.045186
-0.26625,1.5128,-0.34913,-1.2114,-0.26616,0.046161
-0.27633,1.5215,-0.32542,-1.245,-0.27624,0.047134
-0.28682,1.53,-0.30124,-1.2788,-0.28672,0.048103
-0.2977,1.5384,-0.27662,-1.313,-0.29759,0.049066
-0.30898,1.5467,-0.2516,-1.3474,-0.30886,0.050019
-0.32063,1.5548,-0.22621,-1.3821,-0.3205,0.050961
-0.33265,1.5628,-0.20048,-1.417,-0.3325,0.051889
-0.34498,1.5706,-0.17445,-1.4521,-0.34483,0.052801
-0.3576,1.5784,-0.14813,-1.4874,-0.35743,0.053695
-0.37045,1.5861,-0.12154,-1.5228,-0.37026,0.05457
-0.38346,1.5937,-0.094708,-1.5585,-0.38325,0.055425
-0.39655,1.6012,-0.067644,-1.5942,-0.39633,0.056259
-0.40965,1.6086,-0.040361,-1.6301,-0.40941,0.057071
-0.42268,1.6159,-0.012873,-1.6661,-0.42242,0.057863
-0.43555,1.6231,0.014805,-1.7022,-0.43527,0.058635
-0.44819,1.6302,0.042654,-1.7383,-0.4479,0.059388
-0.46054,1.6372,0.070647,-1.7745,-0.46023,0.060122
-0.47254,1.6442,0.098751,-1.8108,-0.4722,0.06084
-0.48414,1.6511,0.12692,-1.847,-0.48378,0.061542
-0.49531,1.6579,0.15512,-1.8833,-0.49494,0.062228
-0.50605,1.6648,0.18328,-1.9194,-0.50565,0.062901
-0.51633,1.6716,0.21135,-1.9555,-0.51592,0.063559
-0.52617,1.6785,0.23926,-1.9914,-0.52574,0.064204
-0.53557,1.6854,0.26696,-2.0271,-0.53512,0.064834
-0.54454,1.6924,0.29437,-2.0627,-0.54408,0.065451
-0.55311,1.6996,0.32144,-2.0979,-0.55263,0.066054
-0.56129,1.7068,0.34811,-2.1329,-0.56079,0.066642
-0.56911,1.7142,0.37433,-2.1676,-0.56859,0.067216
-0.57657,1.7218,0.40004,-2.2019,-0.57604,0.067774
-0.58372,1.7296,0.4252,-2.2359,-0.58317,0.068317
-0.59056,1.7376,0.44979,-2.2695,-0.59,0.068845
-0.59712,1.7458,0.47375,-2.3026,-0.59654,0.069357
-0.60341,1.7542,0.49706,-2.3353,-0.60281,0.069853
-0.60945,1.7629,0.51971,-2.3676,-0.60884,0.070333
-0.61526,1.7719,0.54166,-2.3994,-0.61464,0.070797
-0.62085,1.7811,0.5629,-2.4307,-0.62021,0.071246
-0.62624,1.7905,0.58342,-2.4615,-0.62558,0.071678
-0.63143,1.8002,0.60322,-2.4919,-0.63076,0.072095
-0.63643,1.8102,0.62227,-2.5217,-0.63576,0.072497
-0.64127,1.8204,0.64059,-2.551,-0.64058,0.072884
-0.64594,1.8309,0.65817,-2.5799,-0.64524,0.073256
-0.65046,1.8417,0.675,-2.6082,-0.64975,0.073614
-0.65483,1.8527,0.69109,-2.636,-0.65411,0.073957
-0.65906,1.8639,0.70644,-2.6633,-0.65833,0.074287
-0.66316,1.8754,0.72105,-2.6901,-0.66241,0.074603
-0.66714,1.8871,0.73494,-2.7164,-0.66637,0.074906
-0.67099,1.899,0.7481,-2.7421,-0.67021,0.075197
-0.67472,1.9112,0.76055,-2.7673,-0.67394,0.075476
-0.67834,1.9236,0.77228,-2.7921,-0.67755,0.075743
-0.68186,1.9361,0.78332,-2.8162,-0.68105,0.075999
-0.68527,1.9489,0.79366,-2.8399,-0.68445,0.076244
-0.68858,1.9618,0.80332,-2.8631,-0.68775,0.076478
-0.69179,1.975,0.8123,-2.8858,-0.69096,0.076703
-0.69491,1.9883,0.82061,-2.9079,-0.69407,0.076917
-0.69794,2.0017,0.82827,-2.9295,-0.69709,0.077123
-0.70089,2.0153,0.83529,-2.9506,-0.70002,0.07732
-0.70374,2.0291,0.84166,-2.9713,-0.70287,0.077508
-0.70652,2.043,0.84741,-2.9914,-0.70564,0.077689
-0.70921,2.057,0.85255,-3.011,-0.70833,0.077861
-0.71183,2.0711,0.85708,-3.0301,-0.71094,0.078027
-0.71437,2.0854,0.86102,-3.0487,-0.71347,0.078185
-0.71684,2.0997,0.86438,-3.0668,-0.71593,0.078337
-0.71923,2.1142,0.86717,-3.0844,-0.71831,0.078483
-0.72156,2.1287,0.86939,-3.1016,-0.72063,0.078623
-0.72381,2.1433,0.87107,-3.1182,-0.72288,0.078757
-0.726,2.158,0.8722,-3.1344,-0.72506,0.078885
-0.72813,2.1727,0.87281,-3.1501,-0.72718,0.079009
-0.73019,2.1875,0.87291,-3.1653,-0.72923,0.079128
-0.73218,2.2023,0.8725,-3.1801,-0.73122,0.079242
-0.73412,2.2172,0.8716,-3.1944,-0.73315,0.079352
-0.736,2.232,0.87021,-3.2082,-0.73502,0.079457
-0.73781,2.247,0.86836,-3.2215,-0.73684,0.079559
-0.73958,2.2619,0.86605,-3.2345,-0.73859,0.079657
-0.74128,2.2768,0.86329,-3.2469,-0.74029,0.079752
-0.74293,2.2918,0.86009,-3.259,-0.74194,0.079843
-0.74453,2.3067,0.85647,-3.2705,-0.74354,0.079931
-0.74608,2.3216,0.85244,-3.2817,-0.74508,0.080016
-0.74758,2.3365,0.84801,-3.2924,-0.74657,0.080098
-0.74902,2.3514,0.84319,-3.3028,-0.74801,0.080177
-0.75042,2.3663,0.83799,-3.3127,-0.74941,0.080253
-0.75177,2.3811,0.83242,-3.3221,-0.75076,0.080327
-0.75308,2.3959,0.8265,-3.3312,-0.75206,0.080399
-0.75434,2.4107,0.82023,-3.3399,-0.75332,0.080468
-0.75556,2.4254,0.81363,-3.3483,-0.75453,0.080535
-0.75673,2.44,0.80672,-3.3562,-0.7557,0.0806
-0.75786,2.4546,0.79949,-3.3637,-0.75683,0.080662
-0.75895,2.4691,0.79197,-3.3709,-0.75792,0.080723
-0.76,2.4836,0.78416,-3.3778,-0.75896,0.080782
-0.76101,2.498,0.77607,-3.3842,-0.75997,0.080838
-0.76199,2.5123,0.76773,-3.3904,-0.76094,0.080893
-0.76292,2.5265,0.75913,-3.3962,-0.76188,0.080946
-0.76382,2.5406,0.75029,-3.4016,-0.76278,0.080997
-0.76469,2.5547,0.74122,-3.4068,-0.76364,0.081046
-0.76552,2.5686,0.73194,-3.4116,-0.76447,0.081094
-0.76631,2.5825,0.72245,-3.4161,-0.76526,0.081139
-0.76707,2.5963,0.71276,-3.4203,-0.76602,0.081183
-0.76781,2.6099,0.7029,-3.4243,-0.76675,0.081225
-0.76851,2.6235,0.69286,-3.4279,-0.76745,0.081266
-0.76917,2.6369,0.68266,-3.4313,-0.76812,0.081304
-0.76981,2.6502,0.67231,-3.4343,-0.76876,0.081342
-0.77043,2.6634,0.66183,-3.4372,-0.76937,0.081377
-0.77101,2.6765,0.65121,-3.4398,-0.76995,0.081411
-0.77156,2.6895,0.64049,-3.4421,-0.77051,0.081442
-0.77209,2.7023,0.62966,-3.4442,-0.77104,0.081473
-0.77259,2.715,0.61873,-3.446,-0.77154,0.081501
-0.77307,2.7276,0.60773,-3.4477,-0.77202,0.081528
-0.77352,2.74,0.59665,-3.4491,-0.77247,0.081553
-0.77395,2.7523,0.58552,-3.4503,-0.7729,0.081577
-0.77436,2.7644,0.57433,-3.4514,-0.7733,0.081599
-0.77474,2.7764,0.56311,-3.4522,-0.77369,0.081619
-0.7751,2.7883,0.55186,-3.4529,-0.77405,0.081638
-0.77544,2.8,0.54059,-3.4534,-0.77439,0.081654
-0.77576,2.8115,0.52932,-3.4537,-0.77471,0.08167
-0.77605,2.8229,0.51805,-3.4538,-0.77501,0.081683
-0.77633,2.8341,0.5068,-3.4538,-0.77529,0.081695
-0.77659,2.8451,0.49557,-3.4537,-0.77555,0.081705
-0.77684,2.856,0.48438,-3.4534,-0.77579,0.081714
-0.77706,2.8667,0.47323,-3.453,-0.77602,0.081721
-0.77727,2.8773,0.46214,-3.4525,-0.77623,0.081726
-0.77746,2.8876,0.45111,-3.4518,-0.77642,0.08173
-0.77763,2.8978,0.44016,-3.4511,-0.77659,0.081732
-0.77779,2.9078,0.42929,-3.4502,-0.77676,0.081733
-0.77793,2.9176,0.41851,-3.4493,-0.7769,0.081732
-0.77806,2.9273,0.40784,-3.4483,-0.77703,0.08173
-0.77818,2.9367,0.39727,-3.4471,-0.77715,0.081726
-0.77828,2.946,0.38682,-3.446,-0.77726,0.081721
-0.77837,2.955,0.3765,-3.4447,-0.77735,0.081715
-0.77845,2.9639,0.36631,-3.4434,-0.77743,0.081707
-0.77852,2.9726,0.35627,-3.442,-0.7775,0.081697
-0.77857,2.981,0.34637,-3.4405,-0.77756,0.081687
-0.77862,2.9893,0.33663,-3.439,-0.7776,0.081675
-0.77865,2.9974,0.32705,-3.4375,-0.77764,0.081661
-0.77868,3.0052,0.31764,-3.4359,-0.77767,0.081647
-0.77869,3.0129,0.30841,-3.4343,-0.77769,0.081632
-0.7787,3.0203,0.29936,-3.4327,-0.7777,0.081615
-0.7787,3.0276,0.2905,-3.431,-0.7777,0.081597
-0.77869,3.0346,0.28183,-3.4294,-0.77769,0.081578
-0.77867,3.0414,0.27336,-3.4277,-0.77768,0.081559
-0.77865,3.048,0.2651,-3.4259,-0.77766,0.081538
-0.77862,3.0543,0.25704,-3.4242,-0.77763,0.081516
-0.77858,3.0605,0.24919,-3.4225,-0.7776,0.081494
-0.77854,3.0664,0.24156,-3.4207,-0.77756,0.08147
-0.77849,3.0721,0.23415,-3.419,-0.77751,0.081446
-0.77844,3.0776,0.22697,-3.4173,-0.77746,0.081421
-0.77839,3.0829,0.22001,-3.4155,-0.77741,0.081395
-0.77832,3.088,0.21328,-3.4138,-0.77735,0.081369
-0.77826,3.0928,0.20679,-3.4121,-0.77729,0.081342
-0.77819,3.0974,0.20053,-3.4104,-0.77722,0.081315
-0.77812,3.1018,0.1945,-3.4087,-0.77716,0.081287
-0.77804,3.1059,0.18872,-3.407,-0.77708,0.081258
-0.77797,3.1098,0.18319,-3.4053,-0.77701,0.081229
-0.77789,3.1135,0.17789,-3.4037,-0.77693,0.0812
-0.7778,3.117,0.17285,-3.402,-0.77685,0.08117
-0.77772,3.1202,0.16805,-3.4004,-0.77677,0.08114
-0.77764,3.1232,0.1635,-3.3988,-0.77669,0.081109
-0.77755,3.126,0.1592,-3.3972,-0.77661,0.081078
-0.77746,3.1286,0.15515,-3.3957,-0.77652,0.081047
-0.77737,3.1309,0.15135,-3.3942,-0.77643,0.081016
-0.77728,3.133,0.14781,-3.3926,-0.77635,0.080984
-0.77719,3.1348,0.14452,-3.3912,-0.77626,0.080952
-0.7771,3.1365,0.14149,-3.3897,-0.77617,0.08092
-0.777,3.1379,0.13871,-3.3883,-0.77608,0.080888
-0.77691,3.139,0.13619,-3.3869,-0.77599,0.080855
-0.77682,3.14,0.13393,-3.3855,-0.7759,0.080823
-0.77673,3.1407,0.13192,-3.3841,-0.77581,0.08079
-0.77663,3.1412,0.13017,-3.3828,-0.77572,0.080757
-0.77654,3.1414,0.12867,-3.3815,-0.77563,0.080724
-0.77644,3.1414,0.12744,-3.3802,-0.77554,0.080691
-0.77635,3.1412,0.12646,-3.3789,-0.77545,0.080658
-0.77626,3.1408,0.12574,-3.3777,-0.77536,0.080625
-0.77616,3.1401,0.12527,-3.3765,-0.77527,0.080592
-0.77607,3.1392,0.12507,-3.3753,-0.77518,0.080558
-0.77597,3.138,0.12512,-3.3742,-0.77509,0.080525
-0.77588,3.1367,0.12543,-3.373,-0.77499,0.080491
-0.77578,3.1351,0.12599,-3.3719,-0.7749,0.080457
-0.77569,3.1332,0.12681,-3.3709,-0.77481,0.080423
-0.77559,3.1312,0.12789,-3.3698,-0.77472,0.080389
-0.7755,3.1289,0.12922,-3.3688,-0.77462,0.080355
-0.7754,3.1263,0.13081,-3.3678,-0.77453,0.08032
-0.7753,3.1236,0.13265,-3.3668,-0.77443,0.080285
-0.7752,3.1206,0.13474,-3.3659,-0.77434,0.08025
-0.7751,3.1174,0.13709,-3.3649,-0.77424,0.080215
-0.775,3.1139,0.13969,-3.364,-0.77414,0.08018
-0.77489,3.1103,0.14254,-3.3631,-0.77404,0.080144
-0.77479,3.1064,0.14565,-3.3623,-0.77394,0.080108
-0.77468,3.1022,0.149,-3.3614,-0.77383,0.080071
-0.77457,3.0979,0.15259,-3.3606,-0.77372,0.080034
-0.77445,3.0933,0.15644,-3.3598,-0.77361,0.079996
-0.77434,3.0885,0.16053,-3.359,-0.7735,0.079958
-0.77422,3.0834,0.16486,-3.3582,-0.77338,0.07992
-0.77409,3.0782,0.16943,-3.3574,-0.77326,0.079881
-0.77396,3.0727,0.17425,-3.3567,-0.77313,0.079841
-0.77383,3.0669,0.1793,-3.3559,-0.773,0.079801
-0.77369,3.061,0.18458,-3.3552,-0.77287,0.079759
-0.77355,3.0548,0.1901,-3.3545,-0.77273,0.079717
-0.7734,3.0484,0.19584,-3.3537,-0.77258,0.079675
-0.77324,3.0418,0.20181,-3.353,-0.77243,0.079631
-0.77308,3.035,0.20801,-3.3523,-0.77227,0.079586
-0.77291,3.0279,0.21442,-3.3516,-0.77211,0.079541
-0.77274,3.0207,0.22105,-3.3508,-0.77194,0.079494
-0.77255,3.0132,0.22789,-3.3501,-0.77176,0.079446
-0.77236,3.0055,0.23494,-3.3494,-0.77157,0.079397
-0.77216,2.9976,0.24219,-3.3486,-0.77137,0.079347
-0.77195,2.9894,0.24964,-3.3478,-0.77116,0.079296
-0.77173,2.9811,0.25728,-3.347,-0.77095,0.079243
-0.7715,2.9725,0.26511,-3.3462,-0.77072,0.079188
-0.77126,2.9638,0.27312,-3.3453,-0.77048,0.079133
-0.771,2.9548,0.28131,-3.3444,-0.77023,0.079075
-0.77074,2.9456,0.28966,-3.3435,-0.76997,0.079016
-0.77046,2.9362,0.29818,-3.3425,-0.7697,0.078956
-0.77017,2.9266,0.30686,-3.3415,-0.76941,0.078893
-0.76986,2.9169,0.31568,-3.3404,-0.76911,0.078829
-0.76954,2.9069,0.32465,-3.3393,-0.76879,0.078763
-0.76921,2.8967,0.33375,-3.338,-0.76846,0.078695
-0.76886,2.8864,0.34297,-3.3368,-0.76811,0.078625
-0.76849,2.8758,0.35231,-3.3354,-0.76775,0.078553
-0.76811,2.8651,0.36176,-3.334,-0.76737,0.078479
-0.7677,2.8541,0.37131,-3.3325,-0.76697,0.078402
-0.76728,2.843,0.38095,-3.3308,-0.76656,0.078324
-0.76685,2.8318,0.39066,-3.3291,-0.76612,0.078243
-0.76639,2.8203,0.40045,-3.3273,-0.76567,0.07816
-0.76591,2.8087,0.4103,-3.3253,-0.76519,0.078074
-0.76541,2.7969,0.4202,-3.3233,-0.7647,0.077986
-0.76488,2.7849,0.43013,-3.3211,-0.76418,0.077896
-0.76434,2.7728,0.4401,-3.3187,-0.76364,0.077803
-0.76377,2.7605,0.45008,-3.3162,-0.76308,0.077707
-0.76318,2.7481,0.46007,-3.3136,-0.76249,0.077609
-0.76256,2.7355,0.47006,-3.3108,-0.76188,0.077507
-0.76192,2.7228,0.48003,-3.3078,-0.76124,0.077404
-0.76125,2.7099,0.48997,-3.3046,-0.76058,0.077297
-0.76055,2.6969,0.49987,-3.3013,-0.75989,0.077188
-0.75983,2.6837,0.50972,-3.2977,-0.75917,0.077075
-0.75908,2.6704,0.5195,-3.294,-0.75842,0.07696
-0.75829,2.657,0.52921,-3.29,-0.75765,0.076842
-0.75748,2.6434,0.53883,-3.2858,-0.75684,0.076721
-0.75664,2.6298,0.54835,-3.2814,-0.756,0.076596
-0.75576,2.616,0.55776,-3.2768,-0.75513,0.076469
-0.75485,2.6021,0.56705,-3.2719,-0.75422,0.076338
-0.7539,2.588,0.5762,-3.2667,-0.75329,0.076204
-0.75292,2.5739,0.58519,-3.2613,-0.75231,0.076067
-0.75191,2.5597,0.59403,-3.2557,-0.7513,0.075927
-0.75085,2.5454,0.60269,-3.2497,-0.75026,0.075783
-0.74976,2.531,0.61116,-3.2434,-0.74917,0.075636
-0.74863,2.5165,0.61944,-3.2369,-0.74805,0.075485
-0.74746,2.5019,0.6275,-3.2301,-0.74689,0.075331
-0.74625,2.4872,0.63534,-3.2229,-0.74568,0.075173
-0.745,2.4725,0.64294,-3.2154,-0.74444,0.075011
-0.7437,2.4577,0.65029,-3.2076,-0.74315,0.074846
-0.74236,2.4428,0.65737,-3.1995,-0.74181,0.074676
-0.74097,2.4279,0.66419,-3.191,-0.74043,0.074503
-0.73953,2.4129,0.67072,-3.1821,-0.739,0.074326
-0.73805,2.3978,0.67694,-3.173,-0.73753,0.074145
-0.73651,2.3828,0.68286,-3.1634,-0.736,0.073959
-0.73493,2.3676,0.68845,-3.1535,-0.73442,0.07377
-0.73329,2.3525,0.69371,-3.1431,-0.73279,0.073575
-0.73159,2.3373,0.69862,-3.1324,-0.73111,0.073377
-0.72984,2.3221,0.70317,-3.1213,-0.72937,0.073173
-0.72804,2.3068,0.70734,-3.1099,-0.72757,0.072965
-0.72617,2.2916,0.71113,-3.098,-0.72572,0.072752
-0.72425,2.2763,0.71453,-3.0856,-0.7238,0.072533
-0.72226,2.2611,0.71752,-3.0729,-0.72182,0.072309
-0.72021,2.2459,0.72009,-3.0598,-0.71978,0.07208
-0.71809,2.2306,0.72222,-3.0462,-0.71767,0.071845
-0.71591,2.2154,0.72392,-3.0322,-0.7155,0.071605
-0.71365,2.2002,0.72516,-3.0177,-0.71325,0.071358
-0.71132,2.1851,0.72593,-3.0028,-0.71094,0.071105
-0.70892,2.17,0.72622,-2.9874,-0.70854,0.070846
-0.70644,2.1549,0.72603,-2.9716,-0.70608,0.07058
-0.70388,2.1399,0.72534,-2.9553,-0.70353,0.070306
-0.70124,2.1249,0.72414,-2.9386,-0.7009,0.070026
-0.69852,2.11,0.72242,-2.9214,-0.69819,0.069738
-0.69571,2.0952,0.72016,-2.9037,-0.69539,0.069443
-0.69281,2.0805,0.71736,-2.8856,-0.6925,0.069139
-0.68982,2.0658,0.71402,-2.867,-0.68952,0.068827
-0.68673,2.0513,0.71011,-2.8479,-0.68645,0.068507
-0.68354,2.0368,0.70562,-2.8283,-0.68327,0.068177
-0.68025,2.0225,0.70056,-2.8082,-0.67999,0.067839
-0.67685,2.0083,0.69491,-2.7876,-0.6766,0.06749
-0.67334,1.9942,0.68866,-2.7666,-0.6731,0.067132
-0.66971,1.9802,0.6818,-2.745,-0.66949,0.066763
-0.66596,1.9664,0.67432,-2.723,-0.66576,0.066384
-0.66209,1.9527,0.66622,-2.7005,-0.6619,0.065994
-0.65808,1.9392,0.6575,-2.6775,-0.6579,0.065592
-0.65394,1.9258,0.64814,-2.654,-0.65378,0.065179
-0.64966,1.9126,0.63813,-2.6299,-0.6495,0.064754
-0.64522,1.8996,0.62748,-2.6054,-0.64508,0.064316
-0.64063,1.8868,0.61618,-2.5805,-0.64051,0.063866
-0.63587,1.8741,0.60422,-2.555,-0.63576,0.063402
-0.63094,1.8616,0.59161,-2.529,-0.63084,0.062925
-0.62583,1.8493,0.57834,-2.5025,-0.62574,0.062435
-0.62052,1.8373,0.56442,-2.4756,-0.62045,0.06193
-0.61501,1.8254,0.54983,-2.4482,-0.61495,0.06141
-0.60928,1.8137,0.5346,-2.4203,-0.60924,0.060876
-0.60332,1.8022,0.51872,-2.392,-0.6033,0.060328
-0.59713,1.7909,0.5022,-2.3632,-0.59712,0.059763
-0.59067,1.7798,0.48504,-2.3339,-0.59068,0.059184
-0.58395,1.7689,0.46727,-2.3042,-0.58397,0.058588
-0.57693,1.7582,0.4489,-2.2741,-0.57697,0.057977
-0.5696,1.7477,0.42993,-2.2435,-0.56967,0.05735
-0.56195,1.7374,0.4104,-2.2126,-0.56203,0.056707
-0.55395,1.7272,0.39033,-2.1812,-0.55405,0.056048
-0.54558,1.7173,0.36973,-2.1495,-0.54569,0.055372
-0.53682,1.7074,0.34866,-2.1175,-0.53695,0.05468
-0.52764,1.6978,0.32713,-2.0851,-0.52778,0.053972
-0.51801,1.6882,0.30518,-2.0524,-0.51818,0.053247
-0.50793,1.6788,0.28286,-2.0194,-0.50811,0.052506
-0.49736,1.6694,0.26021,-1.9862,-0.49756,0.051748
-0.48628,1.6601,0.23728,-1.9527,-0.4865,0.050973
-0.47468,1.6509,0.21411,-1.9191,-0.47492,0.050181
-0.46255,1.6417,0.19075,-1.8853,-0.46281,0.049371
-0.44989,1.6326,0.16724,-1.8513,-0.45017,0.048544
-0.4367,1.6234,0.14363,-1.8173,-0.437,0.047697
-0.423,1.6142,0.11995,-1.7831,-0.42332,0.04683
-0.40883,1.605,0.096233,-1.7489,-0.40916,0.045943
-0.39423,1.5958,0.072507,-1.7147,-0.39458,0.045033
-0.37926,1.5866,0.048783,-1.6804,-0.37962,0.0441
-0.364,1.5774,0.025066,-1.6461,-0.36439,0.043143
-0.34855,1.5681,0.0013556,-1.6118,-0.34896,0.04216
-0.33301,1.5588,-0.022357,-1.5775,-0.33343,0.041151
-0.31749,1.5495,-0.046084,-1.5432,-0.31793,0.040116
-0.3021,1.5403,-0.069835,-1.5088,-0.30255,0.039055
-0.28693,1.5311,-0.093619,-1.4745,-0.28739,0.037968
-0.27208,1.5219,-0.11744,-1.4401,-0.27256,0.036858
-0.25763,1.5127,-0.14129,-1.4058,-0.25812,0.035725
-0.24365,1.5036,-0.16515,-1.3715,-0.24415,0.034574
-0.23018,1.4946,-0.189,-1.3372,-0.23069,0.033405
-0.21724,1.4855,-0.21281,-1.3031,-0.21776,0.032223
-0.20486,1.4764,-0.23653,-1.269,-0.20539,0.031031
-0.19304,1.4674,-0.26012,-1.235,-0.19358,0.029831
-0.18177,1.4583,-0.28353,-1.2012,-0.18232,0.028627
-0.17103,1.4491,-0.30671,-1.1675,-0.1716,0.027422
-0.16082,1.4399,-0.3296,-1.1341,-0.16139,0.026219
-0.1511,1.4305,-0.35216,-1.101,-0.15168,0.025019
-0.14185,1.4211,-0.37434,-1.0681,-0.14244,0.023825
-0.13304,1.4115,-0.3961,-1.0356,-0.13364,0.02264
-0.12465,1.4018,-0.41739,-1.0033,-0.12525,0.021465
-0.11665,1.3919,-0.43818,-0.97144,-0.11726,0.020302
-0.10902,1.3818,-0.45843,-0.93995,-0.10964,0.019152
-0.10173,1.3716,-0.47811,-0.90884,-0.10235,0.018017
-0.094764,1.3611,-0.49721,-0.87816,-0.095392,0.016896
-0.088096,1.3505,-0.51569,-0.8479,-0.088732,0.015792
-0.081711,1.3396,-0.53355,-0.81808,-0.082352,0.014705
-0.075589,1.3286,-0.55075,-0.78872,-0.076237,0.013635
-0.069714,1.3173,-0.5673,-0.75982,-0.070369,0.012583
-0.064073,1.3058,-0.58319,-0.73139,-0.064734,0.011549
-0.05865,1.2941,-0.59839,-0.70344,-0.059317,0.010534
-0.053434,1.2821,-0.61292,-0.67597,-0.054107,0.0095366
-0.048412,1.27,-0.62677,-0.64899,-0.049092,0.0085584
-0.043575,1.2576,-0.63994,-0.62251,-0.044261,0.0075988
-0.038912,1.2451,-0.65242,-0.59653,-0.039604,0.0066578
-0.034415,1.2323,-0.66422,-0.57105,-0.035113,0.0057353
-0.030075,1.2194,-0.67534,-0.54607,-0.030779,0.0048312
-0.025884,1.2062,-0.68578,-0.52159,-0.026594,0.0039453
-0.021836,1.1929,-0.69555,-0.49762,-0.022553,0.0030773
-0.017925,1.1794,-0.70466,-0.47416,-0.018648,0.0022271
-0.014144,1.1657,-0.71311,-0.4512,-0.014873,0.0013944
-0.010487,1.1519,-0.72091,-0.42875,-0.011222,0.00057893
-0.0069508,1.1379,-0.72805,-0.40681,-0.007692,-0.00021965
-0.0035291,1.1238,-0.73457,-0.38537,-0.0042764,-0.0010016
-0.00021783,1.1095,-0.74045,-0.36444,-0.00097132,-0.0017673
0.0029871,1.0951,-0.74571,-0.34401,0.0022274,-0.002517
0.0060895,1.0806,-0.75036,-0.32409,0.0053236,-0.003251
0.0090931,1.0659,-0.7544,-0.30466,0.008321,-0.0039697
0.012001,1.0511,-0.75786,-0.28573,0.011223,-0.0046734
0.014817,1.0363,-0.76073,-0.2673,0.014033,-0.0053624
0.017544,1.0213,-0.76302,-0.24936,0.016753,-0.0060371
0.020184,1.0063,-0.76476,-0.23191,0.019387,-0.0066978
0.022741,0.99113,-0.76594,-0.21494,0.021938,-0.0073448
0.025217,0.97593,-0.76658,-0.19846,0.024407,-0.0079784
0.027614,0.96067,-0.76669,-0.18246,0.026798,-0.0085989
0.029935,0.94534,-0.76628,-0.16693,0.029113,-0.0092067
0.032181,0.92997,-0.76536,-0.15188,0.031353,-0.009802
0.034356,0.91456,-0.76394,-0.13729,0.033522,-0.010385
0.036461,0.89911,-0.76204,-0.12317,0.03562,-0.010956
0.038498,0.88363,-0.75966,-0.1095,0.037651,-0.011516
0.040469,0.86813,-0.75682,-0.096292,0.039616,-0.012064
0.042376,0.85262,-0.75352,-0.083526,0.041516,-0.012601
0.04422,0.83709,-0.74979,-0.071203,0.043354,-0.013127
0.046004,0.82157,-0.74563,-0.059317,0.045131,-0.013643
0.047728,0.80605,-0.74105,-0.047861,0.046849,-0.014148
0.049395,0.79054,-0.73607,-0.03683,0.04851,-0.014643
0.051005,0.77504,-0.73069,-0.026218,0.050114,-0.015127
0.052561,0.75956,-0.72493,-0.016017,0.051663,-0.015602
0.054064,0.74412,-0.71881,-0.0062223,0.05316,-0.016068
0.055515,0.7287,-0.71233,0.0031739,0.054604,-0.016524
0.056915,0.71333,-0.7055,0.012178,0.055998,-0.01697
0.058266,0.698,-0.69834,0.020798,0.057343,-0.017408
0.05957,0.68271,-0.69086,0.02904,0.05864,-0.017837
0.060826,0.66748,-0.68308,0.036913,0.059891,-0.018256
0.062038,0.65231,-0.675,0.044423,0.061096,-0.018667
0.063205,0.63721,-0.66664,0.051578,0.062256,-0.01907
0.064329,0.62217,-0.658,0.058386,0.063374,-0.019464
0.06541,0.6072,-0.64911,0.064855,0.064449,-0.01985
0.066451,0.59231,-0.63998,0.070993,0.065484,-0.020228
0.067452,0.57751,-0.63061,0.076808,0.066479,-0.020598
0.068414,0.56279,-0.62102,0.082309,0.067434,-0.02096
0.069338,0.54816,-0.61123,0.087503,0.068352,-0.021314
0.070226,0.53363,-0.60123,0.0924,0.069233,-0.02166
0.071077,0.51919,-0.59106,0.097007,0.070078,-0.021998
0.071894,0.50486,-0.58072,0.10133,0.070889,-0.02233
0.072676,0.49064,-0.57022,0.10539,0.071665,-0.022653
0.073425,0.47653,-0.55958,0.10918,0.072408,-0.02297
0.074142,0.46254,-0.5488,0.11272,0.073118,-0.023279
0.074828,0.44866,-0.53791,0.11601,0.073797,-0.023581
0.075483,0.43491,-0.52691,0.11906,0.074446,-0.023876
0.076108,0.42129,-0.51581,0.12189,0.075065,-0.024164
0.076704,0.40779,-0.50464,0.12449,0.075655,-0.024446
0.077272,0.39444,-0.49339,0.12689,0.076217,-0.02472
0.077813,0.38122,-0.48209,0.12908,0.076751,-0.024988
0.078327,0.36814,-0.47075,0.13108,0.07726,-0.02525
0.078816,0.35521,-0.45937,0.13289,0.077742,-0.025505
0.079279,0.34243,-0.44797,0.13453,0.078199,-0.025753
0.079718,0.32981,-0.43657,0.13601,0.078632,-0.025996
0.080134,0.31734,-0.42517,0.13732,0.079041,-0.026232
0.080527,0.30503,-0.41378,0.13848,0.079428,-0.026462
0.080898,0.29288,-0.40243,0.1395,0.079793,-0.026687
0.081247,0.28091,-0.39111,0.14039,0.080136,-0.026905
0.081575,0.2691,-0.37984,0.14114,0.080458,-0.027118
0.081884,0.25746,-0.36863,0.14179,0.08076,-0.027326
0.082173,0.24601,-0.35749,0.14232,0.081043,-0.027528
0.082444,0.23473,-0.34644,0.14274,0.081308,-0.027725
0.082696,0.22363,-0.33548,0.14307,0.081554,-0.027917
0.082932,0.21272,-0.32462,0.14332,0.081783,-0.028103
0.08315,0.202,-0.31387,0.14348,0.081996,-0.028285
0.083353,0.19148,-0.30324,0.14356,0.082192,-0.028462
0.08354,0.18114,-0.29274,0.14358,0.082373,-0.028635
0.083712,0.171,-0.28238,0.14354,0.082539,-0.028803
0.08387,0.16106,-0.27217,0.14343,0.082691,-0.028967
0.084015,0.15132,-0.26212,0.14328,0.082829,-0.029127
0.084146,0.14179,-0.25223,0.14309,0.082955,-0.029283
0.084266,0.13246,-0.2425,0.14285,0.083068,-0.029435
0.084373,0.12334,-0.23296,0.14259,0.08317,-0.029584
0.08447,0.11443,-0.2236,0.14229,0.08326,-0.029729
0.084555,0.10573,-0.21443,0.14196,0.08334,-0.029871
0.084631,0.097246,-0.20546,0.14162,0.083409,-0.030009
0.084697,0.088976,-0.19668,0.14126,0.083469,-0.030145
0.084754,0.080923,-0.18812,0.14089,0.08352,-0.030278
0.084803,0.073088,-0.17977,0.14051,0.083563,-0.030408
0.084844,0.065472,-0.17163,0.14013,0.083598,-0.030535
0.084878,0.058077,-0.16372,0.13974,0.083625,-0.03066
0.084904,0.050904,-0.15603,0.13935,0.083646,-0.030783
0.084924,0.043954,-0.14857,0.13897,0.08366,-0.030904
0.084939,0.037228,-0.14135,0.1386,0.083668,-0.031022
0.084947,0.030727,-0.13436,0.13823,0.083671,-0.031139
0.084951,0.024452,-0.1276,0.13787,0.083668,-0.031255
0.08495,0.018403,-0.12109,0.13753,0.083661,-0.031368
0.084944,0.012582,-0.11482,0.1372,0.08365,-0.031481
0.084935,0.006988,-0.1088,0.13689,0.083635,-0.031591
0.084923,0.0016225,-0.10302,0.13659,0.083616,-0.031701
0.084907,-0.0035142,-0.097494,0.13632,0.083594,-0.03181
0.084889,-0.0084217,-0.092217,0.13606,0.08357,-0.031918
0.084868,-0.0131,-0.087192,0.13583,0.083543,-0.032025
0.084846,-0.017547,-0.08242,0.13561,0.083514,-0.032131
0.084821,-0.021765,-0.077902,0.13543,0.083484,-0.032237
0.084795,-0.025753,-0.073639,0.13526,0.083452,-0.032342
0.084768,-0.029509,-0.069631,0.13512,0.083419,-0.032447
0.084741,-0.033035,-0.065881,0.13501,0.083385,-0.032551
0.084712,-0.03633,-0.062387,0.13492,0.083351,-0.032655
0.084683,-0.039393,-0.059151,0.13486,0.083316,-0.032759
0.084655,-0.042226,-0.056172,0.13482,0.083281,-0.032863
0.084626,-0.044827,-0.053452,0.13481,0.083246,-0.032967
0.084597,-0.047197,-0.050991,0.13483,0.083211,-0.03307
0.084569,-0.049336,-0.048788,0.13487,0.083177,-0.033174
0.084541,-0.051243,-0.046845,0.13495,0.083143,-0.033278
0.084514,-0.052918,-0.04516,0.13505,0.08311,-0.033382
0.084488,-0.054363,-0.043735,0.13518,0.083078,-0.033487
0.084463,-0.055575,-0.042569,0.13534,0.083047,-0.033591
0.084439,-0.056557,-0.041662,0.13552,0.083017,-0.033696
0.084416,-0.057306,-0.041015,0.13574,0.082988,-0.033801
0.084394,-0.057825,-0.040627,0.13598,0.08296,-0.033907
0.084374,-0.058111,-0.040498,0.13625,0.082934,-0.034012
0.084354,-0.058167,-0.040629,0.13655,0.082908,-0.034119
0.084337,-0.05799,-0.04102,0.13687,0.082884,-0.034225
0.08432,-0.057583,-0.04167,0.13723,0.082862,-0.034332
0.084304,-0.056943,-0.04258,0.13761,0.08284,-0.034439
0.08429,-0.056073,-0.043749,0.13802,0.08282,-0.034547
0.084277,-0.054971,-0.045177,0.13846,0.082801,-0.034654
0.084265,-0.053637,-0.046865,0.13893,0.082783,-0.034762
0.084255,-0.052072,-0.048812,0.13943,0.082766,-0.034871
0.084245,-0.050275,-0.051019,0.13995,0.08275,-0.034979
0.084236,-0.048247,-0.053485,0.14051,0.082735,-0.035088
0.084227,-0.045988,-0.05621,0.14109,0.082721,-0.035197
0.084219,-0.043497,-0.059193,0.1417,0.082707,-0.035306
0.084212,-0.040775,-0.062436,0.14233,0.082693,-0.035415
0.084205,-0.037821,-0.065937,0.14299,0.08268,-0.035524
0.084198,-0.034636,-0.069696,0.14368,0.082667,-0.035633
0.08419,-0.031221,-0.073713,0.1444,0.082653,-0.035742
0.084182,-0.027574,-0.077987,0.14514,0.082639,-0.035851
0.084174,-0.023696,-0.082518,0.14591,0.082625,-0.035959
0.084164,-0.019587,-0.087305,0.1467,0.082609,-0.036067
0.084154,-0.015248,-0.092347,0.14752,0.082593,-0.036175
0.084142,-0.010679,-0.097644,0.14836,0.082574,-0.036282
0.084128,-0.0058795,-0.10319,0.14922,0.082555,-0.036388
0.084112,-0.00085039,-0.109,0.15011,0.082532,-0.036494
0.084093,0.0044081,-0.11505,0.15101,0.082508,-0.036598
0.084072,0.0098956,-0.12136,0.15194,0.082481,-0.036702
0.084048,0.015612,-0.12791,0.15289,0.08245,-0.036805
0.08402,0.021556,-0.13471,0.15385,0.082416,-0.036906
0.083988,0.027727,-0.14175,0.15482,0.082379,-0.037006
0.083952,0.034125,-0.14903,0.15581,0.082336,-0.037105
0.083911,0.04075,-0.15656,0.15682,0.08229,-0.037202
0.083865,0.047599,-0.16432,0.15783,0.082237,-0.037297
0.083813,0.054674,-0.17231,0.15885,0.08218,-0.037391
0.083756,0.061971,-0.18053,0.15987,0.082116,-0.037482
0.083691,0.069491,-0.18899,0.1609,0.082046,-0.037571
0.08362,0.077232,-0.19766,0.16192,0.081968,-0.037658
0.083541,0.085194,-0.20655,0.16295,0.081883,-0.037743
0.083454,0.093374,-0.21566,0.16396,0.08179,-0.037825
0.083358,0.10177,-0.22498,0.16496,0.081688,-0.037904
0.083254,0.11038,-0.2345,0.16595,0.081578,-0.03798
0.083139,0.11921,-0.24422,0.16692,0.081457,-0.038054
0.083014,0.12825,-0.25413,0.16787,0.081327,-0.038124
0.082879,0.1375,-0.26423,0.16879,0.081185,-0.038191
0.082732,0.14696,-0.2745,0.16968,0.081033,-0.038254
0.082574,0.15663,-0.28495,0.17053,0.080868,-0.038314
0.082402,0.1665,-0.29557,0.17133,0.080691,-0.03837
0.082218,0.17658,-0.30635,0.17209,0.0805,-0.038421
0.08202,0.18685,-0.31727,0.1728,0.080296,-0.038469
0.081807,0.19732,-0.32834,0.17344,0.080078,-0.038513
0.08158,0.20799,-0.33954,0.17402,0.079844,-0.038552
0.081336,0.21885,-0.35086,0.17452,0.079595,-0.038587
0.081077,0.22989,-0.3623,0.17494,0.07933,-0.038617
0.080801,0.24113,-0.37384,0.17528,0.079048,-0.038642
0.080507,0.25255,-0.38548,0.17552,0.078748,-0.038662
0.080194,0.26415,-0.3972,0.17566,0.07843,-0.038677
0.079863,0.27593,-0.409,0.1757,0.078093,-0.038687
0.079513,0.28789,-0.42085,0.17561,0.077736,-0.038692
0.079142,0.30001,-0.43277,0.1754,0.07736,-0.038691
0.07875,0.31231,-0.44472,0.17506,0.076962,-0.038685
0.078336,0.32477,-0.4567,0.17457,0.076543,-0.038673
0.0779,0.33739,-0.46871,0.17394,0.076101,-0.038655
0.077441,0.35017,-0.48071,0.17314,0.075636,-0.038632
0.076958,0.36311,-0.49271,0.17218,0.075148,-0.038602
0.076451,0.3762,-0.5047,0.17105,0.074634,-0.038567
0.075918,0.38943,-0.51665,0.16973,0.074096,-0.038525
0.075359,0.40281,-0.52857,0.16822,0.073531,-0.038477
0.074773,0.41634,-0.54042,0.1665,0.07294,-0.038423
0.07416,0.43,-0.55221,0.16458,0.072321,-0.038362
0.073518,0.44379,-0.56392,0.16243,0.071674,-0.038295
0.072847,0.45771,-0.57554,0.16006,0.070997,-0.038221
0.072146,0.47176,-0.58706,0.15744,0.070291,-0.038141
0.071415,0.48593,-0.59845,0.15458,0.069554,-0.038054
0.070651,0.50022,-0.60972,0.15147,0.068785,-0.03796
0.069855,0.51463,-0.62084,0.14808,0.067983,-0.037859
0.069026,0.52915,-0.6318,0.14443,0.067148,-0.037751
0.068162,0.54377,-0.6426,0.14049,0.066279,-0.037636
0.067262,0.5585,-0.65322,0.13626,0.065374,-0.037514
0.066327,0.57332,-0.66364,0.13173,0.064433,-0.037385
0.065354,0.58824,-0.67385,0.12689,0.063455,-0.037249
0.064344,0.60325,-0.68384,0.12173,0.062439,-0.037105
0.063294,0.61835,-0.69361,0.11625,0.061384,-0.036954
0.062204,0.63353,-0.70312,0.11043,0.060289,-0.036795
0.061072,0.64879,-0.71238,0.10426,0.059152,-0.036628
0.059899,0.66412,-0.72137,0.097747,0.057973,-0.036454
0.058682,0.67952,-0.73007,0.090872,0.056751,-0.036271
0.05742,0.69498,-0.73848,0.083629,0.055484,-0.036081
0.056113,0.71051,-0.74658,0.07601,0.054172,-0.035883
0.054759,0.72609,-0.75436,0.068006,0.052813,-0.035676
0.053357,0.74171,-0.76181,0.059612,0.051405,-0.035461
0.051905,0.75739,-0.76891,0.050818,0.049949,-0.035238
0.050403,0.7731,-0.77565,0.041618,0.048441,-0.035005
0.048849,0.78885,-0.78202,0.032004,0.046882,-0.034764
0.047242,0.80462,-0.78801,0.02197,0.04527,-0.034514
0.04558,0.82042,-0.7936,0.011507,0.043603,-0.034255
0.043862,0.83623,-0.79879,0.00061073,0.04188,-0.033986
0.042086,0.85206,-0.80355,-0.010727,0.0401,-0.033708
0.040252,0.86789,-0.80788,-0.022512,0.03826,-0.03342
0.038357,0.88372,-0.81177,-0.03475,0.03636,-0.033122
0.0364,0.89954,-0.8152,-0.047448,0.034398,-0.032814
0.034379,0.91535,-0.81816,-0.060611,0.032373,-0.032495
0.032292,0.93114,-0.82064,-0.074245,0.030281,-0.032165
0.030139,0.9469,-0.82262,-0.088356,0.028123,-0.031825
0.027916,0.96262,-0.82411,-0.10295,0.025896,-0.031473
0.025623,0.9783,-0.82507,-0.11803,0.023598,-0.031109
0.023257,0.99394,-0.8255,-0.13359,0.021227,-0.030734
0.020816,1.0095,-0.8254,-0.14966,0.018781,-0.030346
0.018298,1.025,-0.82473,-0.16623,0.016258,-0.029946
0.015701,1.0405,-0.82351,-0.18329,0.013657,-0.029533
0.013023,1.0558,-0.82171,-0.20087,0.010974,-0.029106
0.010262,1.0711,-0.81932,-0.21896,0.0082078,-0.028666
0.0074138,1.0862,-0.81633,-0.23756,0.0053553,-0.028212
0.0044773,1.1013,-0.81273,-0.25669,0.0024142,-0.027744
0.0014495,1.1162,-0.80851,-0.27633,-0.0006182,-0.027261
-0.0016725,1.1311,-0.80365,-0.2965,-0.0037449,-0.026763
-0.0048917,1.1457,-0.79816,-0.31719,-0.0069687,-0.026249
-0.0082113,1.1603,-0.792,-0.33841,-0.010293,-0.025719
-0.011635,1.1747,-0.78518,-0.36016,-0.013721,-0.025173
-0.015166,1.1889,-0.77769,-0.38245,-0.017256,-0.02461
-0.018808,1.203,-0.76951,-0.40527,-0.020903,-0.02403
-0.022565,1.2169,-0.76064,-0.42862,-0.024665,-0.023432
-0.026441,1.2306,-0.75106,-0.45252,-0.028546,-0.022817
-0.030442,1.2441,-0.74077,-0.47694,-0.032552,-0.022182
-0.034573,1.2574,-0.72976,-0.50191,-0.036687,-0.021529
-0.038837,1.2705,-0.71801,-0.52742,-0.040956,-0.020857
-0.043242,1.2834,-0.70553,-0.55346,-0.045366,-0.020165
-0.047793,1.296,-0.69231,-0.58004,-0.049922,-0.019453
-0.052498,1.3085,-0.67833,-0.60716,-0.054631,-0.018721
-0.057363,1.3206,-0.6636,-0.63482,-0.059501,-0.017968
-0.062396,1.3326,-0.6481,-0.66301,-0.064538,-0.017195
-0.067606,1.3443,-0.63185,-0.69173,-0.069753,-0.0164
-0.073001,1.3557,-0.61483,-0.72098,-0.075153,-0.015584
-0.078592,1.3669,-0.59704,-0.75076,-0.080749,-0.014746
-0.084389,1.3778,-0.57849,-0.78106,-0.08655,-0.013887
-0.090403,1.3884,-0.55918,-0.81188,-0.09257,-0.013006
-0.096648,1.3988,-0.53911,-0.84321,-0.09882,-0.012103
-0.10314,1.4089,-0.5183,-0.87504,-0.10531,-0.011179
-0.10988,1.4187,-0.49675,-0.90736,-0.11206,-0.010233
-0.1169,1.4283,-0.47447,-0.94017,-0.11909,-0.0092664
-0.12421,1.4376,-0.45149,-0.97344,-0.1264,-0.008279
-0.13182,1.4467,-0.42782,-1.0072,-0.13402,-0.0072714
-0.13976,1.4555,-0.40349,-1.0414,-0.14196,-0.0062443
-0.14804,1.4641,-0.37853,-1.076,-0.15025,-0.0051985
-0.15668,1.4725,-0.35297,-1.111,-0.15889,-0.004135
-0.1657,1.4807,-0.32685,-1.1463,-0.16792,-0.0030548
-0.17511,1.4887,-0.3002,-1.1821,-0.17734,-0.0019593
-0.18494,1.4965,-0.27309,-1.2181,-0.18717,-0.00084996
-0.19519,1.5042,-0.24555,-1.2545,-0.19742,0.00027154
-0.20587,1.5117,-0.21763,-1.2911,-0.20811,0.0014033
-0.21698,1.5192,-0.18939,-1.3279,-0.21923,0.0025434
-0.22852,1.5265,-0.16089,-1.3649,-0.23078,0.0036895
-0.24048,1.5338,-0.13217,-1.4021,-0.24274,0.0048394
-0.25282,1.5411,-0.10328,-1.4395,-0.25508,0.0059907
-0.2655,1.5483,-0.074278,-1.4769,-0.26778,0.007141
-0.27849,1.5556,-0.045188,-1.5144,-0.28077,0.0082877
-0.2917,1.5628,-0.01605,-1.5519,-0.29399,0.0094285
-0.30507,1.57,0.01311,-1.5895,-0.30736,0.010561
-0.31852,1.5772,0.042267,-1.627,-0.32081,0.011684
-0.33195,1.5844,0.071399,-1.6646,-0.33425,0.012794
-0.34527,1.5917,0.10049,-1.7021,-0.34758,0.01389
-0.35841,1.5989,0.1295,-1.7396,-0.36073,0.01497
-0.3713,1.6062,0.15842,-1.7769,-0.37362,0.016034
-0.38386,1.6135,0.18721,-1.8142,-0.38619,0.017079
-0.39605,1.6209,0.21583,-1.8514,-0.39838,0.018105
-0.40783,1.6283,0.24423,-1.8884,-0.41017,0.019111
-0.41918,1.6358,0.27237,-1.9252,-0.42152,0.020096
-0.43008,1.6435,0.30019,-1.9617,-0.43244,0.02106
-0.44055,1.6512,0.32764,-1.998,-0.4429,0.022001
-0.45057,1.6591,0.35468,-2.0341,-0.45293,0.02292
-0.46016,1.6672,0.38124,-2.0698,-0.46253,0.023816
-0.46934,1.6754,0.40727,-2.1051,-0.47171,0.024689
-0.47811,1.6839,0.43275,-2.1401,-0.4805,0.025538
-0.48652,1.6925,0.45761,-2.1746,-0.4889,0.026364
-0.49456,1.7015,0.48183,-2.2088,-0.49695,0.027166
-0.50226,1.7106,0.50538,-2.2425,-0.50466,0.027945
-0.50965,1.7201,0.52823,-2.2757,-0.51205,0.0287
-0.51673,1.7297,0.55036,-2.3085,-0.51914,0.029433
-0.52353,1.7397,0.57174,-2.3407,-0.52594,0.030142
-0.53006,1.7499,0.59236,-2.3725,-0.53248,0.030829
-0.53634,1.7605,0.61222,-2.4037,-0.53876,0.031494
-0.54238,1.7713,0.6313,-2.4345,-0.54481,0.032137
-0.5482,1.7823,0.64959,-2.4647,-0.55064,0.032759
-0.55381,1.7937,0.6671,-2.4943,-0.55625,0.03336
-0.55921,1.8053,0.68381,-2.5235,-0.56166,0.03394
-0.56443,1.8172,0.69974,-2.5521,-0.56688,0.034501
-0.56947,1.8294,0.71488,-2.5801,-0.57192,0.035042
-0.57433,1.8418,0.72924,-2.6076,-0.57679,0.035564
-0.57903,1.8545,0.74282,-2.6346,-0.5815,0.036068
-0.58358,1.8674,0.75562,-2.661,-0.58605,0.036554
-0.58798,1.8806,0.76765,-2.6869,-0.59045,0.037023
-0.59223,1.894,0.77892,-2.7122,-0.59471,0.037475
-0.59635,1.9076,0.78944,-2.7369,-0.59884,0.037912
-0.60034,1.9215,0.79921,-2.7612,-0.60283,0.038332
-0.6042,1.9355,0.80825,-2.7848,-0.6067,0.038737
-0.60794,1.9497,0.81656,-2.8079,-0.61044,0.039128
-0.61156,1.9641,0.82414,-2.8305,-0.61407,0.039505
-0.61507,1.9787,0.83102,-2.8525,-0.61758,0.039868
-0.61847,1.9935,0.8372,-2.874,-0.62099,0.040218
-0.62176,2.0084,0.84269,-2.8949,-0.62429,0.040556
-0.62496,2.0235,0.8475,-2.9153,-0.62749,0.040882
-0.62805,2.0387,0.85165,-2.9351,-0.63059,0.041195
-0.63105,2.0541,0.85513,-2.9544,-0.63359,0.041498
-0.63395,2.0695,0.85797,-2.9732,-0.6365,0.04179
-0.63677,2.0851,0.86018,-2.9914,-0.63932,0.042072
-0.63949,2.1008,0.86176,-3.0091,-0.64205,0.042343
-0.64213,2.1166,0.86273,-3.0263,-0.6447,0.042606
-0.64469,2.1325,0.8631,-3.0429,-0.64726,0.042858
-0.64717,2.1484,0.86288,-3.059,-0.64974,0.043103
-0.64957,2.1645,0.86209,-3.0746,-0.65215,0.043338
-0.65189,2.1805,0.86073,-3.0897,-0.65448,0.043566
-0.65414,2.1967,0.85881,-3.1043,-0.65673,0.043785
-0.65631,2.2129,0.85635,-3.1184,-0.65891,0.043997
-0.65842,2.2291,0.85336,-3.1319,-0.66102,0.044202
-0.66045,2.2453,0.84985,-3.145,-0.66306,0.044399
-0.66242,2.2616,0.84584,-3.1576,-0.66503,0.04459
-0.66432,2.2779,0.84133,-3.1697,-0.66694,0.044774
-0.66616,2.2942,0.83634,-3.1813,-0.66879,0.044952
-0.66794,2.3105,0.83088,-3.1924,-0.67057,0.045124
-0.66965,2.3268,0.82496,-3.2031,-0.67229,0.04529
-0.67131,2.3431,0.8186,-3.2133,-0.67395,0.04545
-0.67291,2.3594,0.8118,-3.223,-0.67556,0.045604
-0.67445,2.3757,0.80459,-3.2323,-0.67711,0.045753
-0.67594,2.3919,0.79696,-3.2411,-0.6786,0.045896
-0.67737,2.4081,0.78894,-3.2496,-0.68004,0.046035
-0.67875,2.4243,0.78053,-3.2575,-0.68143,0.046168
-0.68008,2.4404,0.77175,-3.2651,-0.68276,0.046297
-0.68137,2.4565,0.76261,-3.2723,-0.68405,0.04642
-0.6826,2.4725,0.75312,-3.279,-0.68529,0.046539
-0.68378,2.4885,0.74331,-3.2853,-0.68648,0.046653
-0.68492,2.5044,0.73316,-3.2913,-0.68763,0.046762
-0.68602,2.5202,0.72271,-3.2969,-0.68873,0.046867
-0.68707,2.536,0.71197,-3.302,-0.68979,0.046968
-0.68808,2.5517,0.70093,-3.3069,-0.6908,0.047064
-0.68905,2.5673,0.68963,-3.3113,-0.69178,0.047155
-0.68997,2.5829,0.67807,-3.3155,-0.69271,0.047243
-0.69086,2.5983,0.66627,-3.3192,-0.6936,0.047326
-0.69171,2.6137,0.65423,-3.3227,-0.69446,0.047405
-0.69252,2.6289,0.64197,-3.3258,-0.69528,0.047479
-0.6933,2.6441,0.6295,-3.3286,-0.69606,0.04755
-0.69403,2.6591,0.61684,-3.3311,-0.6968,0.047616
-0.69474,2.6741,0.604,-3.3334,-0.69751,0.047678
-0.69541,2.6889,0.591,-3.3353,-0.69819,0.047736
-0.69605,2.7037,0.57784,-3.3369,-0.69884,0.04779
-0.69665,2.7183,0.56453,-3.3383,-0.69945,0.04784
-0.69723,2.7327,0.5511,-3.3395,-0.70003,0.047886
-0.69777,2.7471,0.53756,-3.3403,-0.70058,0.047928
-0.69829,2.7613,0.52391,-3.341,-0.7011,0.047965
-0.69877,2.7754,0.51018,-3.3414,-0.70159,0.047999
-0.69923,2.7894,0.49637,-3.3416,-0.70206,0.048029
-0.69966,2.8032,0.4825,-3.3416,-0.7025,0.048055
-0.70006,2.8169,0.46858,-3.3414,-0.70291,0.048077
-0.70044,2.8304,0.45462,-3.341,-0.70329,0.048096
-0.70079,2.8437,0.44064,-3.3404,-0.70365,0.04811
-0.70112,2.857,0.42666,-3.3397,-0.70399,0.048121
-0.70143,2.87,0.41268,-3.3388,-0.7043,0.048128
-0.70171,2.8829,0.39871,-3.3377,-0.70459,0.048131
-0.70197,2.8956,0.38478,-3.3365,-0.70485,0.04813
-0.70221,2.9082,0.37088,-3.3352,-0.7051,0.048126
-0.70242,2.9206,0.35704,-3.3337,-0.70532,0.048118
-0.70262,2.9328,0.34327,-3.3321,-0.70553,0.048107
-0.7028,2.9448,0.32957,-3.3304,-0.70571,0.048093
-0.70296,2.9567,0.31597,-3.3286,-0.70588,0.048075
-0.7031,2.9683,0.30246,-3.3268,-0.70603,0.048053
-0.70322,2.9798,0.28907,-3.3248,-0.70616,0.048029
-0.70333,2.9911,0.2758,-3.3228,-0.70627,0.048001
-0.70342,3.0022,0.26266,-3.3207,-0.70637,0.047971
-0.7035,3.013,0.24967,-3.3185,-0.70645,0.047937
-0.70356,3.0237,0.23683,-3.3163,-0.70652,0.0479
-0.70361,3.0342,0.22415,-3.3141,-0.70658,0.047861
-0.70364,3.0445,0.21163,-3.3118,-0.70662,0.047819
-0.70366,3.0545,0.1993,-3.3094,-0.70665,0.047774
-0.70367,3.0644,0.18716,-3.3071,-0.70666,0.047727
-0.70366,3.074,0.1752,-3.3047,-0.70667,0.047678
-0.70365,3.0835,0.16345,-3.3023,-0.70666,0.047626
-0.70363,3.0927,0.15191,-3.2999,-0.70664,0.047572
-0.70359,3.1017,0.14058,-3.2974,-0.70661,0.047516
-0.70355,3.1104,0.12946,-3.295,-0.70658,0.047458
-0.7035,3.119,0.11857,-3.2926,-0.70653,0.047398
-0.70344,3.1273,0.10791,-3.2902,-0.70648,0.047336
-0.70337,3.1354,0.097487,-3.2877,-0.70642,0.047273
-0.70329,3.1433,0.087297,-3.2853,-0.70635,0.047208
-0.70321,3.1509,0.077347,-3.2829,-0.70628,0.047141
-0.70313,3.1584,0.067641,-3.2805,-0.7062,0.047074
-0.70303,3.1656,0.058181,-3.2782,-0.70612,0.047005
-0.70294,3.1725,0.048969,-3.2758,-0.70603,0.046934
-0.70284,3.1793,0.040009,-3.2735,-0.70593,0.046863
-0.70273,3.1858,0.031302,-3.2712,-0.70583,0.046791
-0.70262,3.192,0.022848,-3.2689,-0.70573,0.046718
-0.70251,3.1981,0.01465,-3.2666,-0.70563,0.046645
-0.70239,3.2039,0.0067086,-3.2644,-0.70552,0.04657
-0.70228,3.2095,-0.00097585,-3.2622,-0.70541,0.046495
-0.70216,3.2149,-0.0084026,-3.26,-0.7053,0.04642
-0.70204,3.22,-0.015571,-3.2579,-0.70519,0.046344
-0.70192,3.2249,-0.022482,-3.2557,-0.70507,0.046268
-0.7018,3.2295,-0.029134,-3.2536,-0.70496,0.046191
-0.70167,3.234,-0.035529,-3.2515,-0.70484,0.046114
-0.70155,3.2382,-0.041665,-3.2495,-0.70473,0.046038
-0.70143,3.2421,-0.047544,-3.2475,-0.70461,0.045961
-0.70131,3.2459,-0.053165,-3.2455,-0.7045,0.045884
-0.70119,3.2494,-0.058531,-3.2435,-0.70439,0.045807
-0.70107,3.2527,-0.06364,-3.2416,-0.70427,0.04573
-0.70095,3.2557,-0.068493,-3.2396,-0.70416,0.045654
-0.70083,3.2585,-0.073092,-3.2378,-0.70405,0.045578
-0.70071,3.2611,-0.077437,-3.2359,-0.70394,0.045501
-0.7006,3.2635,-0.081528,-3.234,-0.70384,0.045426
-0.70049,3.2656,-0.085367,-3.2322,-0.70373,0.04535
-0.70038,3.2675,-0.088953,-3.2304,-0.70363,0.045275
-0.70027,3.2692,-0.092287,-3.2287,-0.70353,0.045201
-0.70017,3.2707,-0.095371,-3.2269,-0.70344,0.045127
-0.70007,3.2719,-0.098204,-3.2252,-0.70334,0.045053
-0.69997,3.2729,-0.10079,-3.2235,-0.70325,0.04498
-0.69987,3.2736,-0.10312,-3.2218,-0.70316,0.044907
-0.69978,3.2742,-0.10521,-3.2202,-0.70307,0.044835
-0.69969,3.2745,-0.10704,-3.2185,-0.70299,0.044763
-0.6996,3.2746,-0.10863,-3.2169,-0.70291,0.044692
-0.69952,3.2744,-0.10997,-3.2153,-0.70283,0.044622
-0.69944,3.274,-0.11106,-3.2138,-0.70276,0.044552
-0.69936,3.2734,-0.1119,-3.2122,-0.70269,0.044482
-0.69928,3.2726,-0.1125,-3.2107,-0.70262,0.044413
-0.69921,3.2716,-0.11284,-3.2092,-0.70255,0.044345
-0.69914,3.2703,-0.11294,-3.2077,-0.70249,0.044277
-0.69907,3.2688,-0.11279,-3.2063,-0.70243,0.04421
-0.69901,3.267,-0.11239,-3.2048,-0.70237,0.044143
-0.69894,3.2651,-0.11174,-3.2034,-0.70232,0.044077
-0.69888,3.2629,-0.11085,-3.202,-0.70227,0.044011
-0.69883,3.2604,-0.1097,-3.2007,-0.70222,0.043945
-0.69877,3.2578,-0.1083,-3.1993,-0.70217,0.04388
-0.69872,3.2549,-0.10665,-3.198,-0.70212,0.043816
-0.69867,3.2518,-0.10475,-3.1967,-0.70208,0.043752
-0.69862,3.2485,-0.1026,-3.1954,-0.70204,0.043688
-0.69857,3.2449,-0.10019,-3.1942,-0.702,0.043624
-0.69852,3.2411,-0.097527,-3.1929,-0.70196,0.04356
-0.69848,3.2371,-0.09461,-3.1917,-0.70192,0.043497
-0.69843,3.2328,-0.091437,-3.1906,-0.70188,0.043434
-0.69839,3.2284,-0.088008,-3.1894,-0.70184,0.04337
-0.69834,3.2236,-0.084321,-3.1883,-0.70181,0.043307
-0.6983,3.2187,-0.080375,-3.1872,-0.70177,0.043244
-0.69825,3.2135,-0.076171,-3.1861,-0.70173,0.04318
-0.6982,3.2081,-0.071706,-3.1851,-0.70169,0.043117
-0.69816,3.2025,-0.066981,-3.1841,-0.70165,0.043053
-0.69811,3.1966,-0.061994,-3.1831,-0.70161,0.042989
-0.69806,3.1905,-0.056745,-3.1822,-0.70156,0.042924
-0.698,3.1842,-0.051234,-3.1813,-0.70152,0.042858
-0.69794,3.1776,-0.04546,-3.1804,-0.70147,0.042793
-0.69788,3.1708,-0.039423,-3.1795,-0.70141,0.042726
-0.69782,3.1638,-0.033123,-3.1787,-0.70136,0.042658
-0.69775,3.1565,-0.02656,-3.1779,-0.7013,0.04259
-0.69768,3.149,-0.019733,-3.1771,-0.70123,0.042521
-0.6976,3.1413,-0.012644,-3.1764,-0.70116,0.04245
-0.69752,3.1333,-0.0052939,-3.1756,-0.70109,0.042378
-0.69743,3.1251,0.0023175,-3.1749,-0.701,0.042305
-0.69733,3.1167,0.010189,-3.1743,-0.70091,0.042231
-0.69723,3.108,0.018318,-3.1736,-0.70082,0.042155
-0.69712,3.0991,0.026703,-3.173,-0.70071,0.042077
-0.697,3.09,0.035343,-3.1724,-0.7006,0.041997
-0.69686,3.0807,0.044235,-3.1719,-0.70048,0.041915
-0.69672,3.0711,0.053376,-3.1713,-0.70034,0.041831
-0.69657,3.0613,0.062762,-3.1707,-0.7002,0.041745
-0.69641,3.0513,0.07239,-3.1702,-0.70005,0.041657
-0.69624,3.041,0.082256,-3.1697,-0.69988,0.041566
-0.69605,3.0305,0.092355,-3.1692,-0.6997,0.041472
-0.69585,3.0198,0.10268,-3.1686,-0.69951,0.041375
-0.69564,3.0089,0.11323,-3.1681,-0.6993,0.041276
-0.69541,2.9978,0.124,-3.1676,-0.69908,0.041173
-0.69517,2.9864,0.13497,-3.1671,-0.69884,0.041067
-0.69491,2.9748,0.14615,-3.1665,-0.69859,0.040958
-0.69463,2.963,0.15752,-3.1659,-0.69832,0.040845
-0.69433,2.951,0.16908,-3.1653,-0.69803,0.040728
-0.69402,2.9388,0.18082,-3.1647,-0.69772,0.040608
-0.69368,2.9264,0.19273,-3.164,-0.6974,0.040483
-0.69333,2.9138,0.20479,-3.1633,-0.69705,0.040355
-0.69295,2.901,0.21701,-3.1625,-0.69668,0.040222
-0.69255,2.888,0.22936,-3.1616,-0.69629,0.040084
-0.69213,2.8748,0.24184,-3.1607,-0.69588,0.039942
-0.69169,2.8614,0.25443,-3.1597,-0.69544,0.039796
-0.69122,2.8479,0.26713,-3.1586,-0.69498,0.039644
-0.69072,2.8341,0.27991,-3.1574,-0.69449,0.039487
-0.6902,2.8202,0.29277,-3.1561,-0.69398,0.039326
-0.68965,2.8061,0.30569,-3.1547,-0.69343,0.039159
-0.68907,2.7918,0.31866,-3.1531,-0.69286,0.038986
-0.68846,2.7774,0.33167,-3.1514,-0.69226,0.038809
-0.68783,2.7628,0.3447,-3.1496,-0.69163,0.038625
-0.68716,2.7481,0.35773,-3.1476,-0.69097,0.038436
-0.68645,2.7332,0.37075,-3.1455,-0.69027,0.038241
-0.68572,2.7181,0.38375,-3.1431,-0.68955,0.03804
-0.68495,2.703,0.3967,-3.1406,-0.68878,0.037833
-0.68414,2.6877,0.4096,-3.1379,-0.68799,0.03762
-0.6833,2.6722,0.42243,-3.135,-0.68715,0.0374
-0.68242,2.6566,0.43517,-3.1318,-0.68628,0.037175
-0.6815,2.641,0.44781,-3.1284,-0.68537,0.036942
-0.68054,2.6251,0.46032,-3.1248,-0.68442,0.036704
